{
  "hash": "9e769235",
  "configHash": "3e0dfb9f",
  "lockfileHash": "21436938",
  "browserHash": "227989dd",
  "optimized": {
    "@angular/core": {
      "src": "../../../../../../node_modules/@angular/core/fesm2022/core.mjs",
      "file": "@angular_core.js",
      "fileHash": "38a8d20f",
      "needsInterop": false
    },
    "@angular/platform-browser": {
      "src": "../../../../../../node_modules/@angular/platform-browser/fesm2022/platform-browser.mjs",
      "file": "@angular_platform-browser.js",
      "fileHash": "e2c419e0",
      "needsInterop": false
    },
    "@angular/router": {
      "src": "../../../../../../node_modules/@angular/router/fesm2022/router.mjs",
      "file": "@angular_router.js",
      "fileHash": "967caa71",
      "needsInterop": false
    }
  },
  "chunks": {
    "chunk-NS67KI56": {
      "file": "chunk-NS67KI56.js"
    },
    "chunk-QDVODIJV": {
      "file": "chunk-QDVODIJV.js"
    }
  }
}